,PC1,PC2,PC3,PC4,PC5,PC6,PC7
Area,-0.12487390183337625,-0.17287220157405567,0.8982967395421418,0.04485039757030796,-0.32401692642589774,0.19011808289555723,0.06664282463417824
GDP,0.5005058583604994,-0.13013955326325904,0.08395576065615101,-0.08425547392927539,0.39063244412750897,0.638657073023259,-0.3974084353171079
Inflation,-0.4065181548118897,-0.36965724250172466,0.19819467480313796,0.16468564884524367,0.6895005388952401,-0.32386726266549015,-0.22670029522520058
Life.expect,0.4828733253002008,0.2652477970155551,0.2460824604034428,0.026771437281015588,-0.10178656117480019,-0.6064341866697903,-0.5070313046765229
Military,-0.18811161613179753,0.6582668883417718,0.24367943264532693,-0.5623747957591503,0.3681475807163397,0.03559606802973381,0.1373095974182394
Pop.growth,0.475703553912758,0.08262198310903916,0.16369720679341915,0.3924627665368875,0.3478677716919394,-0.12085562489801574,0.6711466824925392
Unemployment,-0.27165582007504635,0.5532037052151455,0.0005001357358405348,0.7019679124704595,0.010158742178824419,0.25970496513645563,-0.2446624342282977
